1,accounts.google.com
2,aclu.org
3,adblockplus.org
4,airbnb.ca
5,airbnb.co.uk
6,airbnb.com
7,airbnb.com.au
8,airbnb.com.br
9,airbnb.com.sg
10,airbnb.de
11,airbnb.es
12,airbnb.fr
13,airbnb.it
14,airbnb.jp
15,airbnb.nl
16,airbnb.pt
17,airbnb.ru
18,akaijam.com
19,aladdinschools.appspot.com
20,alpha.irccloud.com
21,alteregoapp.com
22,anyperk.com
23,api.intercom.io
24,api.mega.co.nz
25,api.recurly.com
26,api.simple.com
27,apis.google.com
28,apollo-auto.com
29,app.recurly.com
30,appengine.google.com
31,apps.co
32,appseccalifornia.org
33,arivo.com.br
34,atomicorp.com
35,baby.com.br
36,bank.simple.com
37,bankhapoalim.co.il
38,banking.co.at
39,bassh.net
40,bccx.com
41,bcrook.com
42,bespokepost.com
43,bestvendor.com
44,betnet.fr
45,bezeq.co.il
46,bhuntr.com
47,bigshinylock.minazo.net
48,bitbucket.org
49,bitminter.com
50,blog.cyveillance.com
51,blog.linode.com
52,blog.torproject.org
53,bloggerbridge.com
54,blogun.ru
55,blueseed.co
56,bmw-klub.pl
57,boundless.com
58,braintreegateway.com
59,braintreepayments.com
60,browserid.org
61,bugcrowd.com
62,bugzilla.mozilla.org
63,business.medbank.com.mt
64,canva.com
65,card.com
66,carezone.com
67,carlolly.co.uk
68,cert.se
69,check.torproject.org
70,checkout.google.com
71,chmail.ir
72,chrome-devtools-frontend.appspot.com
73,chrome.google.com
74,chromiumcodereview.appspot.com
75,cloudns.com.au
76,cloudpt.pt
77,cloudsecurityalliance.org
78,cloudup.com
79,code.google.com
80,codereview.appspot.com
81,codereview.chromium.org
82,coderwall.com
83,codeur.com
84,coinbase.com
85,colombotelegraph.com
86,commbank.com.au
87,conformal.com
88,controlcenter.gigahost.dk
89,conyac.cc
90,corrlinks.com
91,crate.io
92,creativemarket.com
93,crm.onlime.ch
94,crowdcurity.com
95,crowdtilt.com
96,crypto.cat
97,crypto.is
98,csawctf.poly.edu
99,cueup.com
100,cupcake.io
101,cupcake.is
102,customerlobby.com
103,cybozu.com
104,cygwin.com
105,cyphertite.com
106,cyveillance.com
107,daad.de
108,dashboard.io
109,davidlyness.com
110,desktimeapp.com
111,developer.mydigipass.com
112,digitalocean.com
113,dist.torproject.org
114,djangoproject.com
115,dl.google.com
116,dm.lookout.com
117,dm.mylookout.com
118,do.com
119,docs.google.com
120,docusign.net
121,domai.nr
122,download.jitsi.org
123,doximity.com
124,draft2digital.com
125,drinksoma.com
126,drive.google.com
127,dropbox.com
128,dropcam.com
129,duckduckgo.com
130,ducksboard.com
131,ebanking.indovinabank.com.vn
132,ecosystem.atlassian.net
133,editorially.com
134,eduscho.at
135,ef-magazin.de
136,eff.org
137,elanex.biz
138,emailprivacytester.com
139,encrypted.google.com
140,engineyard.com
141,entropia.de
142,epay.bg
143,epoxate.com
144,espra.com
145,eve-central.com
146,exploreb2b.com
147,factor.cc
148,fanduel.com
149,fastmail.fm
150,fatzebra.com.au
151,federalregister.gov
152,feralhosting.com
153,file2hd.com
154,filesfetcher.com
155,fj.simple.com
156,flowdock.com
157,forum.linode.com
158,forum.quantifiedself.com
159,founderscard.com
160,foursquare.com
161,fuelrewards.com
162,gandi.net
163,getfirebug.com
164,getsentry.com
165,github.com
166,gks.gs
167,gmail.com
168,gocardless.com
169,googlemail.com
170,googleplex.com
171,gov.uk
172,graffletopia.com
173,grc.com
174,greplin.com
175,grepular.com
176,groupme.com
177,groups.google.com
178,hackerrank.com
179,hackpad.com
180,hackthissite.org
181,hasgeek.com
182,haste.ch
183,headliner.fm
184,heroku.com
185,heyo.com
186,history.google.com
187,hivelocity.net
188,host.sk
189,hostedtalkgadget.google.com
190,hotwords.com
191,howrandom.org
192,hpconnected.com
193,htcsense.com
194,hu-berlin.de
195,hubstaff.com
196,icloud.com
197,id.atlassian.com
198,id.mayfirst.org
199,iis.se
200,imo.im
201,inertianetworks.com
202,inspiringquotes.in
203,instacart.com
204,intercom.io
205,iop.intuit.com
206,ipredator.se
207,irccloud.com
208,itriskltd.com
209,ivyconnect.com
210,ixquick.com
211,izea.com
212,izeaexchange.com
213,jitsi.org
214,joindiaspora.com
215,jottit.com
216,jusbrasil.com.br
217,kajabiapp.com
218,kernel.org
219,keyerror.com
220,kirillwashere.com
221,kiwiirc.com
222,ksk-koeln.de
223,lastpass.com
224,launchkey.com
225,launchpad.net
226,lawblog.de
227,leapmotion.com
228,ledgerscope.net
229,lets-fish.com
230,library.linode.com
231,lighttpd.net
232,linode.com
233,linx.net
234,lists.mayfirst.org
235,lockify.com
236,logentries.com
237,login.persona.org
238,login.sapo.pt
239,logotype.se
240,lolicore.ch
241,lookout.com
242,lovewithfood.com
243,lullabot.com
244,lumi.do
245,luneta.nearbuysystems.com
246,mad.ly
247,madmimi.com
248,mail.google.com
249,makeyourlaws.org
250,manager.linode.com
251,mandrillapp.com
252,market.android.com
253,marmosetmusic.com
254,mathway.com
255,mattmccutchen.net
256,mbnet.pt
257,mcprohosting.com
258,mediacru.sh
259,mega.co.nz
260,members.mayfirst.org
261,members.nearlyfreespeech.net
262,minestatus.net
263,mittwald.de
264,mobikwik.com
265,moneybookers.com
266,mountainroseherbs.com
267,mtgox.com
268,mudcrab.us
269,my.alfresco.com
270,my.onlime.ch
271,mydigipass.com
272,myerp.com
273,mylookout.com
274,neg9.org
275,neonisi.com
276,netzpolitik.org
277,newsday.co.zw
278,nitrous.io
279,nodejitsu.com
280,noisebridge.net
281,novafile.com
282,novell.com
283,nsfwcorp.com
284,obmenka.ua
285,odesk.com
286,onion.to
287,ontario.ca
288,op.fi
289,openshift.redhat.com
290,opensuse.org
291,openwrt.org
292,oplop.appspot.com
293,oraprodsso.corp.google.com
294,organizze.com.br
295,ottospora.nl
296,p.linode.com
297,packagist.org
298,papertrailapp.com
299,passthepopcorn.me
300,passwd.io
301,passwordbox.com
302,paste.linode.com
303,pastebin.linode.com
304,pay.gigahost.dk
305,paycheckrecords.com
306,paymill.com
307,paymill.de
308,paypal-promo.com
309,paypal-viewpoints.com
310,paypal.com
311,payson.se
312,pcsbanking.net
313,perfectaudience.com
314,pinboard.in
315,piratenlogin.de
316,pixi.me
317,playfire.com
318,plus.google.com
319,plus.sandbox.google.com
320,podio.com
321,portalbank.dk
322,portalbank.no
323,posible.org.mx
324,postmarkapp.com
325,premium-galleries.com
326,profiles.google.com
327,quantcast.com
328,quickmobile.ro
329,raise.com
330,rapidresearch.me
331,reactos.org
332,reg.ru
333,rigassatiksme.lv
334,riseup.net
335,roadtrippers.com
336,romab.com
337,roomorama.com
338,roundcube.mayfirst.org
339,rugby365.com
340,ruzuku.com
341,sah3.net
342,sandbox.mydigipass.com
343,saturngames.co.uk
344,saveup.com
345,savingstar.com
346,script.google.com
347,seagrance.net
348,security.google.com
349,securityheaders.com
350,seedfinder.eu
351,serverdensity.io
352,shodan.io
353,shops.neonisi.com
354,sifterapp.com
355,silentcircle.com
356,silentcircle.org
357,silp.com
358,simon.butcher.name
359,simple.com
360,site24x7.com
361,sites.google.com
362,skillfeed.com
363,slixa.com
364,slo-tech.com
365,smartftp.com
366,sol.io
367,solve360.com
368,spaceglasses.com
369,spreadsheets.google.com
370,square.com
371,squareup.com
372,ssl.google-analytics.com
373,ssl.panoramio.com
374,stacksocial.com
375,startpage.com
376,startupdigest.com
377,stitchfix.com
378,stocktrade.de
379,stripe.com
380,strongest-privacy.com
381,subbable.com
382,sunshinepress.org
383,support.mayfirst.org
384,surfeasy.com
385,surkatty.org
386,suse.com
387,swiftly.com
388,t.co
389,tal.net
390,talk.google.com
391,talkgadget.google.com
392,tanga.com
393,tave.com
394,tchibo.com.tr
395,tchibo.cz
396,tchibo.de
397,tchibo.hu
398,tchibo.pl
399,tent.io
400,theherald.com.au
401,thehunt.com
402,theleagueofmoveabletype.com
403,themightyquest.com
404,therapynotes.com
405,tokyotosho.info
406,torproject.org
407,touchofmodern.com
408,transifex.com
409,translate.google.com
410,translate.googleapis.com
411,travis-ci.org
412,trillian.im
413,tv4user.de
414,tweetdeck.com
415,twilio.com
416,twitter.com
417,typekit.com
418,ubertt.org
419,udemy.com
420,uloz.to
421,ulozto.cz
422,ulozto.net
423,ulozto.sk
424,united-domains.de
425,uprotect.it
426,upsmychoicepromo.com
427,uwaterloo.ca
428,veikkaus.fi
429,videobuster.de
430,vine.co
431,vizify.com
432,wallet.google.com
433,wantedly.com
434,webmail.gigahost.dk
435,webmail.mayfirst.org
436,webmail.onlime.ch
437,webmaker.org
438,webtranslateit.com
439,weedmaps.com
440,wepay.com
441,what.cd
442,whatbox.ca
443,wholelifechallenge.com
444,whonix.org
445,wiki.python.org
446,wiz.biz
447,woopra.com
448,wrapp.com
449,writeapp.me
450,wuaki.tv
451,yammer.com
452,yande.re
453,yourkarma.com
454,zaarly.com
455,zady.com
456,zenpayroll.com
457,zeropaper.com.br
458,zoho.com
459,zoo24.de
460,zootubex.com